voltage,current,temp,gyro,label
4.07,1.46,36.0,9.88,0
4.19,1.33,30.54,23.4,0
3.75,1.6,36.96,19.91,0
3.58,0.91,23.85,145.68,2
4.05,2.49,23.47,38.51,0
3.42,11.01,41.37,16.73,2
3.87,1.17,57.87,88.45,2
3.92,1.05,34.95,97.63,1
2.87,3.82,44.18,38.95,2
3.82,2.04,27.98,7.66,0
3.86,0.53,31.38,31.15,0
3.1,9.61,42.59,46.5,2
3.87,2.47,34.18,23.41,0
3.88,5.29,57.14,106.9,2
3.42,4.03,40.96,59.82,1
4.01,2.47,35.78,24.32,0
3.97,2.69,36.77,91.22,1
3.87,1.37,28.57,13.85,0
3.98,0.89,22.51,9.85,0
3.88,3.32,61.57,102.6,2
3.91,0.73,37.62,3.51,0
3.3,6.26,47.69,104.21,2
3.9,0.88,22.49,13.03,0
3.68,3.84,33.98,47.72,1
3.78,6.28,51.72,55.24,2
3.87,1.11,23.7,3.49,0
3.74,1.61,34.88,19.46,0
3.84,2.85,60.43,17.76,2
3.0,6.95,51.78,11.72,2
3.25,3.23,55.59,101.51,2
3.72,0.77,34.49,27.98,0
3.58,4.02,39.56,61.73,1
3.72,2.95,44.91,28.63,1
3.56,2.63,47.35,14.28,1
3.88,3.79,41.6,14.47,1
3.64,3.37,26.93,101.65,1
3.98,2.31,35.67,10.47,0
3.2,10.77,52.59,170.57,2
3.76,1.85,34.47,36.95,0
3.92,5.27,61.06,29.63,2
3.35,4.83,38.82,50.69,1
3.76,1.64,44.22,6.44,1
3.23,4.88,28.79,116.62,2
3.75,3.73,42.09,37.15,1
3.93,0.64,28.73,144.35,2
3.8,0.44,30.42,27.44,0
3.88,0.87,34.28,30.03,0
3.1,6.85,45.6,162.87,2
3.47,2.34,43.18,39.04,1
4.08,0.6,24.81,1.9,0
3.64,2.01,45.1,42.16,1
2.82,6.73,39.54,32.46,2
3.61,4.72,39.46,52.52,1
3.92,0.32,33.74,25.24,0
3.11,10.41,52.52,65.55,2
3.74,3.17,35.56,59.72,1
3.74,1.42,25.38,167.69,2
4.12,0.39,30.68,30.41,0
3.24,4.0,54.34,86.17,2
4.15,0.61,24.41,20.02,0
3.76,1.67,45.61,17.58,1
3.72,1.61,36.07,12.63,0
3.61,1.43,36.13,53.47,1
3.96,2.02,31.1,206.6,2
3.98,0.69,32.61,42.98,1
4.06,0.36,22.77,3.3,0
3.65,2.14,25.28,158.3,2
4.18,0.19,23.39,35.49,0
3.83,0.33,30.58,4.14,0
3.37,6.41,54.52,111.89,2
3.77,4.28,32.82,19.96,1
3.06,3.5,35.43,80.75,2
3.84,0.99,35.04,97.11,1
3.54,2.16,44.72,29.11,1
4.13,0.16,37.07,23.55,0
3.73,0.2,24.3,9.74,0
3.34,1.08,48.0,47.5,2
3.53,3.86,35.81,37.47,1
3.46,4.29,37.18,54.01,1
3.82,1.24,32.14,38.82,0
4.16,1.95,36.58,22.69,0
2.94,5.92,49.17,26.0,2
3.23,6.97,40.28,124.89,2
3.85,2.02,26.25,105.47,1
3.75,1.4,31.7,14.61,0
3.89,1.19,22.13,17.15,0
3.72,2.07,35.52,2.46,0
3.57,1.14,35.29,200.0,2
3.31,9.23,55.48,11.4,2
2.82,6.46,29.35,91.54,2
3.6,0.58,23.11,216.42,2
3.17,4.89,51.15,16.57,2
3.7,2.47,32.7,8.73,0
4.11,1.8,33.86,30.58,0
3.18,7.94,31.31,70.21,2
3.09,10.36,45.56,121.9,2
3.44,2.51,39.41,68.52,1
3.19,9.93,54.56,109.09,2
3.68,2.59,32.18,88.84,1
3.55,4.33,39.46,54.25,1
3.14,6.64,51.5,38.6,2
3.84,1.3,59.23,16.85,2
2.85,2.42,49.88,108.76,2
3.39,2.01,36.31,24.68,1
3.78,3.17,30.08,51.36,1
3.42,2.66,54.73,91.17,2
4.12,0.28,30.82,9.57,0
3.17,10.68,57.61,63.29,2
3.77,2.13,25.58,98.7,1
3.81,2.02,26.93,27.56,0
2.99,5.35,38.07,40.42,2
3.28,6.24,49.08,39.47,2
3.74,2.4,29.35,99.12,1
2.86,7.22,48.27,41.11,2
3.37,3.86,43.21,43.39,1
3.72,3.7,26.8,236.49,2
3.65,5.67,60.5,81.31,2
3.73,1.87,34.05,60.87,1
3.32,6.26,47.39,112.03,2
3.02,4.31,34.46,107.15,2
4.02,0.67,26.07,32.69,0
3.65,2.36,27.25,72.02,1
3.52,3.87,45.47,32.22,1
3.97,0.44,32.18,31.76,0
3.53,1.62,48.27,6.95,2
3.36,4.48,57.51,21.76,2
3.47,4.99,41.74,63.72,1
4.2,0.39,33.27,33.42,0
3.7,1.86,40.96,34.65,1
4.03,3.92,24.15,143.36,2
4.09,1.06,28.25,22.59,0
3.21,5.13,31.56,148.49,2
3.11,4.22,43.73,69.81,2
3.62,2.16,32.9,90.62,1
3.75,2.35,38.42,208.43,2
3.46,3.46,36.23,16.42,1
3.58,3.4,44.24,76.46,1
3.83,2.35,40.33,9.0,1
4.19,1.75,26.92,35.12,0
3.98,2.64,30.44,181.98,2
3.87,1.39,37.2,15.42,0
3.91,1.29,25.7,36.03,0
3.77,0.19,35.3,14.37,0
3.73,0.2,22.58,36.29,0
3.94,1.84,62.89,60.17,2
3.74,1.72,28.69,23.48,0
3.83,1.94,47.31,36.26,1
3.95,0.64,28.08,16.94,0
3.67,3.86,46.06,18.24,1
3.41,4.27,51.73,96.9,2
3.92,1.07,34.14,91.7,1
3.99,2.99,39.32,123.13,2
4.18,2.24,34.69,25.78,0
3.95,1.98,22.38,38.4,0
3.38,5.66,58.17,87.5,2
3.51,3.04,35.77,51.3,1
3.08,6.78,38.02,32.6,2
3.05,7.51,42.83,87.49,2
3.92,0.41,31.39,34.68,0
3.77,5.58,56.35,35.98,2
3.31,3.5,39.44,50.43,1
3.75,4.95,41.62,51.06,1
3.88,1.49,24.64,25.34,0
3.88,2.2,22.84,161.25,2
4.07,0.81,24.24,17.46,0
3.64,3.06,47.71,46.17,1
2.82,2.06,45.0,137.97,2
3.23,6.74,54.66,166.55,2
3.29,12.0,51.09,70.13,2
3.71,0.67,36.96,0.74,0
3.56,3.99,41.87,63.27,1
3.72,0.23,25.42,35.1,0
4.07,1.17,28.5,1.92,0
3.97,0.97,37.86,5.24,0
3.41,4.84,36.59,18.16,1
3.6,4.08,38.44,34.61,1
3.98,4.99,54.76,93.4,2
3.57,2.0,42.12,50.46,1
3.82,1.18,29.97,17.01,0
3.16,3.31,64.11,113.85,2
3.73,3.53,38.96,11.58,1
3.72,0.31,35.28,9.87,0
3.62,3.22,39.84,23.74,1
3.72,2.43,29.42,32.52,0
3.55,4.65,41.27,64.05,1
3.95,1.53,29.23,64.74,1
4.01,1.76,22.57,6.04,0
3.87,3.53,38.86,11.07,1
3.64,2.58,34.91,108.25,1
3.6,3.42,33.07,50.94,1
4.02,1.85,23.93,173.43,2
4.06,1.38,31.7,17.03,0
3.79,1.84,25.45,77.91,1
3.9,1.19,23.08,13.7,0
3.51,1.36,45.21,53.23,1
3.32,4.66,40.41,10.52,1
4.13,0.65,34.02,18.83,0
3.12,1.21,48.5,31.22,2
3.67,3.54,53.43,63.6,2
3.7,3.59,43.28,53.57,1
3.94,1.2,32.3,10.65,0
3.98,0.26,35.23,6.56,0
4.02,2.52,38.49,201.5,2
3.67,2.89,43.08,22.56,1
4.01,3.7,26.47,195.91,2
3.3,2.22,42.27,55.76,1
3.67,3.77,31.19,77.6,1
3.16,7.2,57.86,29.57,2
3.82,1.34,23.28,3.17,0
3.89,2.07,47.9,56.25,1
3.9,0.4,27.46,27.64,0
4.09,1.83,25.62,16.97,0
3.83,1.34,35.81,31.14,0
3.75,4.79,36.5,44.27,1
3.32,4.01,39.05,37.23,1
4.03,1.94,29.71,18.83,0
3.75,1.65,25.98,16.6,0
3.68,4.37,48.16,78.42,2
3.68,5.85,36.81,76.3,1
4.17,1.96,33.16,19.35,0
3.85,0.79,37.89,9.47,0
4.13,2.13,31.73,12.87,0
3.81,0.36,30.51,27.31,0
3.17,3.65,34.85,24.89,2
3.76,5.84,41.71,35.02,1
3.82,2.06,33.36,62.75,1
3.22,2.38,53.15,84.56,2
3.79,0.89,29.17,9.7,0
4.12,0.6,36.46,4.67,0
3.71,4.41,43.21,76.94,1
3.76,5.12,40.9,18.16,1
3.06,7.86,44.26,144.35,2
3.35,3.7,42.15,24.82,1
3.76,2.34,34.01,7.55,0
4.07,1.3,24.11,6.14,0
3.73,5.45,38.85,76.89,1
3.53,4.8,57.49,77.88,2
3.87,1.7,23.52,172.91,2
3.6,3.27,26.53,51.71,1
3.92,1.55,32.86,29.76,0
3.18,11.82,44.38,47.64,2
3.87,1.72,29.29,30.32,0
2.81,1.33,38.29,14.81,2
3.53,4.66,30.15,27.53,1
3.77,2.15,33.8,2.81,0
3.76,2.4,44.95,56.83,1
3.68,3.54,38.34,39.7,1
3.76,3.24,25.41,166.95,2
2.94,2.11,27.29,30.69,2
3.9,1.93,62.08,8.65,2
3.74,4.01,37.03,33.99,1
3.56,3.1,44.25,44.51,1
3.9,2.23,24.47,39.4,0
3.37,2.54,43.15,43.06,1
3.18,7.29,55.55,108.32,2
3.21,1.74,38.17,13.15,2
3.14,5.26,50.99,29.46,2
3.7,0.67,30.27,3.23,0
4.08,1.08,37.57,28.39,0
2.86,5.0,44.27,73.86,2
2.85,6.48,43.39,84.34,2
3.46,2.41,37.67,41.25,1
2.83,1.11,36.24,104.4,2
4.06,1.86,25.04,37.23,0
3.52,2.11,32.16,223.32,2
3.3,3.98,58.96,19.54,2
3.66,1.15,44.11,16.43,1
4.13,0.6,32.79,1.27,0
3.86,0.15,34.88,33.85,0
3.77,2.02,30.97,0.79,0
3.03,11.15,53.28,119.3,2
3.55,2.09,39.38,23.6,1
3.82,2.85,38.98,44.22,1
3.49,2.79,57.63,114.52,2
2.96,3.05,49.02,73.99,2
3.77,1.16,34.99,107.29,1
3.81,0.51,39.73,102.26,1
3.87,0.67,33.2,29.67,0
3.97,2.58,39.73,202.5,2
3.63,2.47,47.14,27.19,1
3.87,3.42,26.11,67.65,1
3.91,2.22,25.83,31.35,0
3.96,1.24,29.43,104.04,1
3.37,4.11,36.36,56.12,1
2.85,3.17,28.98,10.55,2
3.72,0.29,22.15,38.32,0
3.47,4.03,43.82,41.35,1
4.19,2.07,37.71,34.59,0
3.51,9.22,51.22,86.74,2
3.57,4.69,58.95,41.93,2
3.85,1.42,30.38,72.63,1
3.54,5.35,37.72,50.02,1
4.13,1.95,31.29,0.51,0
3.69,3.61,27.26,209.9,2
3.24,2.54,59.24,30.13,2
3.68,2.41,30.55,73.86,1
3.51,3.19,37.89,71.9,1
3.61,3.96,44.24,50.13,1
2.99,4.25,50.65,37.9,2
3.79,3.89,46.58,34.14,1
3.56,5.29,53.7,101.77,2
4.12,1.51,31.42,13.8,0
4.15,0.21,28.11,10.04,0
3.59,1.47,45.63,29.16,1
3.63,1.54,60.64,42.81,2
3.71,0.5,29.38,39.0,0
3.69,2.03,41.44,9.41,1
3.16,8.78,46.15,82.36,2
4.04,2.35,24.43,22.27,0
4.06,1.06,31.33,7.23,0
2.93,4.51,32.59,124.36,2
3.82,2.14,25.03,21.55,0
3.63,1.73,35.38,103.75,1
3.48,1.05,50.77,85.37,2
3.15,6.18,30.72,101.82,2
4.07,2.48,30.41,25.79,0
3.68,1.56,47.72,6.34,1
4.16,1.65,31.45,17.06,0
3.76,1.42,57.35,35.49,2
3.17,6.51,40.99,20.88,2
3.92,2.04,25.34,34.73,0
3.8,3.56,45.08,5.52,1
4.15,0.81,22.31,26.53,0
3.91,3.12,30.17,67.39,1
3.38,3.12,42.75,64.53,1
3.54,2.72,61.02,13.82,2
3.21,3.34,48.38,49.66,2
4.16,1.96,28.34,33.82,0
4.2,0.8,29.6,6.68,0
3.81,1.38,35.27,3.55,0
3.94,1.62,27.16,32.35,0
3.56,4.97,39.92,31.97,1
3.59,3.84,61.59,9.96,2
3.07,6.0,44.35,62.64,2
4.19,2.05,32.49,34.69,0
3.75,3.06,33.63,149.32,2
3.93,2.25,32.99,23.92,0
3.82,2.87,22.46,160.24,2
3.48,6.76,48.28,121.88,2
3.93,1.76,37.67,1.51,0
4.13,2.5,31.57,11.43,0
4.02,3.46,29.78,159.59,2
3.46,1.51,50.16,40.79,2
3.77,0.52,37.15,55.75,1
3.47,4.22,44.91,22.84,1
3.95,2.8,28.57,76.24,1
3.94,2.61,31.28,117.33,1
3.66,4.16,39.5,69.67,1
3.32,4.96,43.83,44.62,1
3.54,3.93,42.66,48.5,1
3.74,2.11,40.5,23.99,1
3.89,3.28,38.23,52.78,1
3.88,0.45,23.92,36.68,0
3.72,3.89,45.81,52.5,1
4.09,1.93,30.3,5.56,0
3.36,9.35,57.73,153.74,2
3.34,4.01,42.52,69.95,1
4.03,1.63,25.44,26.24,0
3.57,3.24,35.64,51.78,1
3.99,1.41,28.17,40.57,1
3.94,0.16,30.12,39.14,0
3.96,3.14,30.2,91.35,1
3.55,2.93,35.17,150.4,2
3.71,2.23,34.32,81.84,1
3.72,1.81,33.01,17.42,0
3.27,6.5,63.59,18.06,2
4.09,2.08,22.75,17.21,0
3.59,2.86,26.68,137.71,2
3.97,0.16,25.28,30.83,0
3.77,3.16,43.83,44.21,1
3.33,2.95,43.07,16.58,1
4.02,0.61,25.53,35.08,0
2.96,4.74,51.27,44.42,2
3.9,2.25,33.94,25.25,0
3.51,3.77,46.96,26.13,1
3.76,2.0,32.7,16.75,0
3.62,0.5,25.24,66.33,1
3.79,0.61,33.96,13.15,0
3.52,3.33,36.6,68.04,1
3.72,1.63,37.43,24.83,0
3.07,10.28,45.11,121.08,2
3.99,1.68,26.11,5.56,0
4.02,0.79,32.32,3.81,0
3.64,1.7,38.34,48.38,1
4.19,1.62,32.01,37.5,0
3.52,4.08,34.73,28.38,1
4.14,1.66,24.3,37.75,0
3.95,1.82,30.12,102.19,1
3.83,1.06,43.51,19.87,1
3.12,1.36,58.6,62.37,2
3.78,3.7,24.22,125.9,2
3.89,1.86,37.71,30.87,0
3.06,6.3,47.32,173.89,2
4.2,0.44,22.2,31.23,0
3.28,2.33,62.8,76.0,2
3.19,1.36,46.57,149.1,2
4.0,1.03,37.44,175.92,2
4.06,0.8,24.76,1.53,0
2.9,3.83,29.17,39.76,2
4.13,1.19,36.72,24.94,0
3.72,3.0,39.8,42.8,1
3.31,2.35,38.81,61.75,1
3.82,4.21,53.41,87.66,2
3.98,1.47,28.82,6.06,0
3.32,3.67,39.02,65.73,1
3.77,1.42,41.91,24.5,1
3.76,3.87,44.85,20.09,1
3.79,0.53,31.43,14.33,0
3.75,2.47,34.94,128.44,2
3.84,1.3,37.99,78.79,1
3.91,0.93,41.9,231.88,2
3.57,4.16,38.64,51.31,1
3.93,0.62,28.44,20.06,0
3.79,1.19,35.63,24.08,0
3.87,0.97,36.15,14.65,0
2.83,3.88,50.11,28.84,2
3.22,6.0,53.0,117.01,2
3.99,0.66,36.41,96.91,1
3.81,1.86,27.71,152.46,2
3.79,3.09,62.81,80.51,2
4.1,1.81,23.19,32.76,0
3.81,0.64,22.92,37.91,0
3.39,5.47,50.27,56.3,2
3.96,1.19,31.12,115.16,1
3.83,1.52,46.39,24.85,1
3.88,1.64,33.63,95.98,1
3.78,1.08,51.28,118.2,2
4.03,1.87,27.54,10.85,0
3.77,2.39,32.98,41.21,1
4.06,3.03,32.12,133.19,2
3.5,4.0,42.3,67.72,1
3.79,2.26,44.75,7.3,1
3.74,0.68,29.45,248.35,2
3.84,0.19,33.83,28.03,0
3.46,4.99,62.13,44.37,2
3.82,0.52,35.14,25.64,0
3.74,2.04,28.64,27.09,0
3.39,3.87,37.03,10.04,1
3.38,4.38,41.03,57.43,1
3.74,3.31,38.28,58.17,1
3.05,11.12,43.44,178.55,2
3.96,2.05,31.89,86.24,1
3.91,1.0,25.27,13.24,0
3.95,2.29,35.42,144.88,2
3.52,3.48,44.6,64.85,1
3.49,7.31,48.83,90.62,2
3.98,0.87,32.58,31.72,0
3.76,1.12,34.84,30.74,0
3.54,7.06,47.96,70.88,2
3.58,3.21,34.23,139.47,2
3.93,3.45,32.92,107.24,1
3.78,2.53,34.92,109.55,1
3.82,3.3,42.2,56.3,1
4.0,1.14,23.35,32.28,0
3.81,2.25,36.44,11.34,0
3.77,2.2,31.84,9.63,0
3.1,1.68,25.25,35.53,2
3.85,2.34,31.1,9.79,0
3.17,7.89,40.45,14.82,2
3.84,1.57,29.0,37.59,0
3.93,1.84,29.27,39.69,0
3.11,6.65,51.81,85.99,2
3.24,2.56,62.13,63.95,2
3.03,6.73,29.08,9.88,2
3.86,2.76,31.11,105.81,1
2.99,4.66,48.79,16.43,2
3.6,5.83,42.51,10.04,1
3.99,2.41,33.82,33.72,0
3.69,1.9,39.76,27.44,1
3.14,6.88,52.59,104.98,2
3.95,1.79,59.4,55.05,2
3.7,3.3,35.78,43.53,1
3.27,9.13,50.77,31.69,2
3.54,1.88,47.2,46.12,1
3.95,2.23,25.1,14.6,0
3.7,0.58,35.06,4.39,0
3.53,2.82,38.7,43.97,1
3.71,2.08,32.5,30.8,0
3.67,1.36,23.2,131.03,2
3.6,1.43,34.76,117.79,1
3.49,4.72,44.65,63.87,1
3.94,2.58,61.5,119.15,2
3.17,3.49,29.88,68.3,2
3.34,3.46,39.09,68.52,1
3.17,8.83,52.67,134.5,2
3.92,0.39,30.59,15.91,0
4.16,2.0,35.15,10.56,0
3.52,1.77,38.11,154.71,2
3.52,2.31,40.59,23.84,1
3.42,4.35,43.29,20.44,1
3.78,4.16,31.01,54.22,1
3.69,2.57,36.19,228.74,2
3.46,4.68,44.17,44.75,1
3.78,1.3,36.31,11.23,0
3.71,2.11,27.34,36.4,0
3.26,7.73,30.18,52.19,2
3.66,5.68,55.25,57.01,2
3.53,4.56,36.96,55.41,1
3.28,4.51,28.94,43.08,2
3.64,5.28,30.51,11.74,1
4.04,1.99,23.24,12.4,0
4.0,2.0,23.56,20.67,0
3.46,2.99,35.77,61.47,1
3.44,3.89,43.1,49.13,1
3.65,4.56,44.11,60.74,1
4.17,2.34,30.06,28.01,0
4.08,1.5,25.72,22.61,0
3.94,1.56,37.15,32.56,0
3.3,5.75,62.81,17.55,2
3.77,1.82,32.78,20.75,0
3.97,0.54,27.82,63.33,1
3.71,6.78,59.49,106.68,2
3.73,3.67,40.88,72.25,1
3.07,4.24,42.95,41.18,2
3.91,2.31,32.45,22.45,0
3.83,5.56,63.31,59.14,2
3.86,1.04,30.26,19.05,0
3.62,5.08,33.3,55.78,1
3.91,2.38,25.66,29.02,0
3.86,0.65,31.21,8.87,0
3.21,3.2,50.49,55.37,2
4.01,2.75,29.52,245.6,2
3.98,1.87,23.74,16.89,0
3.68,1.56,34.98,52.54,1
3.52,6.34,47.89,49.18,2
3.7,0.69,29.74,104.95,1
3.51,1.73,39.66,28.42,1
3.82,0.38,35.61,36.6,0
3.77,2.2,35.66,36.28,0
4.06,0.87,28.97,34.81,0
4.16,1.74,35.41,22.27,0
3.73,1.63,37.39,243.34,2
3.62,3.13,27.43,72.36,1
3.66,3.23,43.4,46.11,1
3.39,6.39,48.86,73.16,2
3.76,2.47,36.23,21.13,0
3.75,1.21,24.06,12.95,0
3.8,3.21,45.85,16.85,1
3.57,4.43,35.12,62.13,1
4.04,1.34,36.5,21.1,0
3.76,0.53,22.8,14.48,0
3.82,4.71,54.69,117.8,2
3.71,2.25,33.51,5.63,0
3.68,2.61,43.67,32.19,1
3.71,2.04,41.43,45.78,1
4.0,0.28,23.94,37.35,0
3.46,2.93,39.03,37.53,1
3.58,5.37,35.48,68.78,1
2.99,7.18,41.21,55.95,2
3.37,6.94,41.39,112.61,2
3.48,3.15,60.37,112.94,2
3.92,1.86,34.45,106.92,1
3.07,6.54,49.23,40.11,2
3.8,1.95,29.09,10.03,0
3.72,0.71,23.06,35.75,0
3.53,9.28,47.73,165.52,2
3.28,7.64,43.41,26.27,2
3.62,1.8,31.44,62.8,1
3.23,10.28,43.73,35.65,2
3.82,0.5,30.3,3.52,0
3.51,4.42,35.45,41.35,1
3.3,7.07,56.79,98.15,2
4.02,0.64,37.51,32.88,0
3.57,2.5,39.05,176.62,2
3.85,2.03,37.32,2.82,0
3.71,0.95,22.05,2.19,0
3.46,1.44,31.79,175.73,2
3.9,1.91,29.09,36.25,0
3.99,3.03,28.45,58.94,1
3.88,3.41,40.54,45.64,1
2.96,6.13,52.51,117.61,2
4.07,0.51,34.83,24.15,0
3.69,2.22,29.22,165.42,2
3.92,2.21,31.87,36.86,0
2.8,2.79,40.64,102.19,2
4.01,0.41,32.54,10.44,0
4.1,3.55,28.9,202.08,2
4.13,1.4,36.65,37.41,0
3.69,0.8,38.54,204.69,2
3.8,2.09,44.55,29.11,1
3.17,5.55,44.31,23.49,2
3.86,2.47,30.51,21.2,0
3.66,1.74,26.01,52.59,1
3.47,2.3,60.78,41.41,2
2.91,5.49,47.76,104.7,2
3.28,3.1,56.87,98.64,2
3.79,5.15,39.99,57.29,1
3.57,3.38,31.2,180.61,2
3.38,4.84,39.07,45.58,1
4.03,1.72,30.5,38.41,0
3.22,3.31,28.59,134.82,2
4.08,1.37,28.8,20.88,0
3.58,2.96,46.74,22.63,1
3.94,0.13,34.29,22.58,0
3.52,4.05,33.02,77.77,1
3.85,1.66,29.6,2.64,0
3.18,5.68,54.55,65.52,2
4.05,0.46,34.66,27.9,0
3.44,4.41,35.53,66.18,1
3.92,3.28,54.38,72.75,2
3.84,0.59,23.83,169.56,2
3.1,4.04,36.33,55.39,2
3.62,1.03,47.4,25.68,1
3.6,4.7,30.66,53.54,1
4.08,1.4,37.3,2.2,0
3.93,1.0,22.18,7.57,0
3.84,0.85,36.94,38.09,0
4.14,0.23,31.67,10.44,0
3.63,3.5,36.66,26.75,1
3.55,4.58,36.7,12.16,1
3.11,7.33,29.54,82.91,2
3.6,1.81,45.33,20.25,1
4.02,0.7,27.24,14.69,0
4.09,2.27,33.52,0.04,0
3.8,3.22,28.2,135.16,2
3.85,2.33,47.18,10.44,1
3.89,1.98,27.34,5.24,0
4.1,1.18,34.92,15.88,0
3.86,3.22,38.58,88.51,1
3.3,2.85,61.32,17.77,2
3.88,1.64,28.65,16.74,0
3.68,1.68,34.09,208.17,2
3.92,2.32,32.99,34.54,0
4.06,1.85,27.43,28.35,0
3.24,3.17,36.28,69.8,2
4.13,1.49,24.63,25.43,0
3.8,1.6,28.12,21.93,0
3.38,5.56,59.05,14.21,2
4.09,0.83,35.59,155.35,2
3.38,6.08,40.92,19.46,2
3.74,5.1,39.9,62.43,1
3.68,3.98,39.75,147.84,2
3.8,1.97,24.56,10.92,0
3.84,2.26,28.97,8.88,0
3.99,0.85,25.22,33.47,0
2.92,2.51,33.75,60.27,2
2.85,5.54,28.41,107.74,2
3.04,3.58,48.19,60.46,2
4.14,1.28,32.79,1.63,0
3.64,4.81,35.55,20.73,1
3.32,11.6,53.73,33.8,2
3.76,3.11,41.0,12.11,1
3.98,1.6,33.12,17.95,0
3.6,4.76,34.15,25.29,1
4.18,2.26,31.41,33.17,0
3.64,2.86,38.87,65.08,1
3.49,4.22,40.54,57.91,1
3.2,6.19,46.89,169.4,2
3.48,3.79,62.09,102.41,2
3.15,3.95,32.33,20.69,2
3.71,5.76,32.02,70.04,1
3.57,4.36,43.0,45.54,1
3.94,0.75,30.06,14.05,0
3.39,2.01,40.17,34.28,1
3.65,3.03,50.38,53.72,2
4.09,2.12,28.62,35.23,0
3.19,10.24,55.39,77.38,2
3.51,2.34,38.66,19.83,1
3.94,2.68,28.83,84.56,1
2.97,2.29,31.25,20.52,2
4.14,0.41,27.83,34.55,0
3.57,3.48,47.64,5.12,1
3.51,4.77,53.29,74.32,2
3.24,7.47,49.1,149.56,2
3.73,3.12,39.79,50.86,1
3.76,5.1,35.98,71.3,1
3.85,1.92,47.76,35.45,1
3.8,3.09,43.15,45.46,1
3.83,1.23,40.55,9.96,1
3.81,2.74,26.9,217.09,2
3.75,4.74,32.51,21.27,1
3.01,1.85,41.12,95.36,2
3.84,0.84,36.64,23.0,0
3.8,1.5,32.66,4.45,0
3.72,5.63,43.45,45.68,1
4.01,2.03,30.42,37.85,0
2.96,2.32,28.42,105.9,2
3.5,3.9,37.42,38.18,1
3.42,1.03,30.51,137.88,2
3.73,1.2,30.83,30.18,0
3.1,7.45,48.16,43.92,2
3.75,5.17,42.96,74.2,1
3.76,1.98,37.89,211.86,2
3.74,0.57,34.21,28.58,0
3.56,4.44,44.71,66.78,1
3.76,2.28,32.25,27.65,0
3.83,2.5,25.39,16.52,0
3.99,1.47,33.04,16.84,0
3.96,6.24,60.61,88.47,2
3.25,7.25,44.36,30.3,2
3.73,2.17,39.83,46.85,1
3.97,2.74,32.94,55.45,1
3.78,2.79,64.45,85.44,2
4.06,2.3,34.92,23.78,0
4.0,6.94,50.72,46.83,2
3.77,2.39,52.88,106.0,2
3.66,3.08,31.45,116.88,1
3.89,2.56,57.96,57.74,2
3.77,1.88,24.48,127.93,2
3.6,4.02,32.32,48.37,1
3.62,3.65,41.68,77.96,1
3.92,2.34,23.3,7.11,0
3.83,3.28,59.13,74.51,2
4.1,1.51,28.53,11.97,0
4.15,0.11,24.45,20.71,0
3.65,1.9,32.84,60.06,1
3.55,6.21,53.0,114.2,2
3.09,8.0,56.85,162.31,2
3.46,3.13,38.11,60.65,1
3.65,5.62,39.46,74.72,1
3.8,5.54,38.69,24.03,1
4.01,0.71,35.62,1.2,0
3.53,4.01,40.44,54.54,1
3.29,9.41,47.33,53.72,2
2.8,1.08,32.08,92.03,2
3.42,6.41,57.42,108.12,2
3.61,2.89,40.36,38.95,1
3.4,6.98,55.61,136.44,2
3.62,2.21,45.75,33.62,1
3.96,1.67,39.88,45.12,1
3.9,2.34,33.45,62.34,1
3.58,1.64,62.2,91.95,2
3.71,1.75,40.93,17.45,1
3.48,2.03,43.5,39.07,1
4.14,1.1,25.97,33.09,0
4.14,1.33,27.3,3.55,0
3.69,3.4,35.96,37.45,1
3.88,2.16,24.07,32.87,0
3.81,0.35,28.65,34.31,0
3.35,2.21,38.69,37.85,1
4.1,0.88,24.92,8.99,0
3.35,2.96,44.75,25.01,1
3.8,3.29,28.52,114.4,1
3.98,0.4,22.34,27.98,0
3.73,4.9,34.87,75.82,1
3.68,4.0,41.85,53.62,1
3.73,5.85,42.84,18.25,1
3.05,11.97,41.8,25.46,2
3.78,6.92,64.24,44.73,2
3.72,5.49,41.05,15.28,1
3.39,2.46,36.01,68.11,1
3.68,3.28,39.73,119.64,1
3.48,2.51,42.05,62.47,1
3.59,2.66,23.62,148.51,2
4.07,1.32,26.13,13.68,0
3.54,7.16,50.74,26.64,2
3.29,1.16,53.89,33.84,2
4.09,2.36,29.6,7.43,0
4.02,2.82,35.26,226.52,2
3.73,5.49,42.75,66.31,1
3.78,4.42,38.04,10.05,1
3.83,2.1,35.47,16.82,0
3.67,5.56,32.75,18.74,1
4.08,1.46,29.95,29.67,0
4.17,1.44,32.61,39.1,0
3.67,3.74,37.8,36.72,1
4.05,2.17,37.27,135.27,2
3.85,2.08,27.43,76.66,1
4.15,0.36,23.14,25.24,0
3.66,2.31,31.87,202.0,2
2.97,2.06,52.16,6.31,2
3.73,1.66,23.1,26.71,0
3.57,1.51,35.45,129.52,2
3.91,0.68,31.77,10.19,0
3.51,2.41,33.85,224.04,2
3.98,0.96,27.28,93.9,1
3.0,6.73,30.57,52.54,2
3.69,4.29,52.68,105.63,2
3.4,1.35,34.06,189.42,2
3.45,11.95,44.62,57.64,2
3.31,4.23,40.04,40.81,1
2.8,5.64,40.29,115.22,2
3.18,9.17,43.65,82.44,2
2.9,4.94,36.11,51.36,2
3.73,6.96,49.68,51.52,2
3.86,2.65,39.75,74.71,1
2.98,5.15,38.85,69.24,2
4.19,0.48,23.4,28.57,0
4.05,0.29,35.88,19.61,0
4.04,0.81,34.11,18.87,0
3.65,0.92,29.7,149.07,2
3.97,3.1,50.65,109.07,2
3.77,2.03,28.46,32.45,0
3.87,1.21,32.49,204.51,2
4.18,2.4,31.66,1.53,0
3.59,11.64,44.68,144.74,2
3.13,5.01,57.8,98.02,2
3.51,4.36,35.65,28.02,1
3.55,10.85,53.84,10.76,2
3.96,2.17,24.95,1.71,0
3.53,1.28,23.06,172.56,2
3.47,1.39,29.42,139.21,2
3.94,1.96,64.24,106.96,2
3.49,2.61,25.37,223.61,2
3.54,4.58,56.5,37.49,2
3.17,7.08,45.77,80.99,2
3.39,4.18,38.2,18.04,1
3.48,9.22,48.99,109.31,2
3.21,6.29,49.2,139.86,2
3.58,3.85,42.16,52.7,1
3.74,0.99,26.06,20.3,0
4.13,1.18,35.57,25.67,0
4.14,2.07,28.96,30.42,0
3.65,3.88,42.57,61.0,1
3.71,6.27,50.79,11.32,2
3.09,11.17,51.22,168.27,2
3.73,1.38,51.68,78.9,2
3.61,3.56,53.08,44.26,2
3.91,1.3,34.88,110.29,1
3.28,6.66,51.94,76.54,2
3.77,0.54,27.93,16.58,0
3.75,1.39,29.0,54.08,1
3.75,3.65,26.24,161.54,2
3.46,2.58,39.86,17.43,1
3.83,0.87,30.93,40.64,1
3.47,4.93,39.8,58.14,1
3.08,4.35,36.85,37.9,2
3.14,6.81,56.23,62.62,2
3.99,2.11,22.56,13.27,0
3.75,4.42,30.36,63.87,1
3.82,1.68,45.26,14.79,1
3.95,0.33,24.36,18.66,0
3.37,3.76,37.1,47.75,1
3.57,4.37,39.02,20.99,1
3.4,6.7,40.49,171.97,2
3.81,1.14,43.2,53.59,1
3.62,3.29,36.89,218.98,2
3.66,3.23,40.72,19.93,1
4.09,1.76,34.94,5.74,0
3.1,6.3,61.73,18.91,2
3.66,2.75,31.76,57.27,1
3.84,1.41,30.5,14.89,0
3.06,1.95,33.88,114.92,2
3.99,1.72,27.65,34.29,0
3.52,8.06,56.49,168.18,2
3.77,2.98,45.93,31.93,1
4.08,0.51,26.13,20.21,0
3.78,1.64,34.75,25.62,0
4.07,2.23,32.29,26.42,0
3.63,0.75,36.71,114.18,1
4.16,1.22,33.16,30.64,0
3.73,3.31,40.91,41.35,1
4.02,0.78,30.84,219.51,2
3.83,2.87,31.35,76.12,1
3.89,2.18,28.98,28.47,0
4.2,0.24,32.82,29.73,0
2.87,6.93,25.52,91.62,2
3.54,3.29,43.31,5.54,1
3.98,2.93,25.82,191.77,2
3.17,6.97,58.23,115.5,2
3.57,3.29,39.87,21.75,1
4.04,0.89,28.72,38.45,0
3.75,0.2,22.3,22.4,0
3.77,0.64,26.12,34.64,0
3.75,3.4,25.54,60.59,1
3.78,4.13,50.26,15.36,2
3.86,1.24,24.26,27.08,0
3.73,1.47,37.38,4.59,0
3.68,1.94,41.2,8.59,1
3.5,4.38,43.92,35.65,1
4.19,2.21,29.01,9.93,0
3.7,2.1,33.05,25.15,0
3.23,7.08,43.24,127.82,2
4.05,0.48,37.28,31.97,0
3.34,7.3,44.97,88.05,2
3.64,3.06,44.87,13.83,1
3.27,8.72,51.08,90.86,2
3.66,1.59,38.53,58.63,1
3.26,1.4,63.39,35.15,2
3.18,2.28,60.96,75.33,2
4.19,1.05,35.44,29.95,0
3.87,1.7,30.54,6.05,0
3.48,3.95,60.58,35.55,2
3.83,1.44,37.47,123.47,2
3.8,0.83,24.62,38.21,0
3.78,2.27,26.95,10.63,0
3.15,2.02,34.46,32.97,2
3.4,2.15,49.8,60.82,2
3.48,1.99,39.88,191.06,2
4.15,1.52,32.79,26.33,0
3.27,5.34,41.32,85.32,2
4.08,2.09,22.38,25.39,0
3.07,2.68,44.64,24.76,2
3.79,6.24,54.85,62.09,2
3.89,3.87,38.56,15.28,1
3.31,5.7,57.64,95.79,2
3.14,6.2,45.91,66.76,2
4.11,0.68,36.67,13.45,0
3.51,3.27,37.31,69.14,1
4.07,1.41,24.98,37.0,0
3.32,6.58,47.95,83.46,2
3.72,2.29,47.4,19.95,1
3.95,4.7,58.76,45.84,2
3.99,0.23,34.22,1.05,0
3.82,3.33,33.67,249.46,2
3.55,3.83,42.36,63.97,1
3.61,4.33,37.23,36.58,1
3.34,3.74,37.0,38.91,1
3.25,3.41,41.22,133.26,2
3.51,2.37,41.49,6.19,1
3.91,2.32,27.4,63.86,1
3.5,4.73,49.6,71.48,2
3.52,1.87,45.08,34.51,1
3.8,1.73,25.39,80.16,1
3.72,3.18,35.86,112.4,1
4.02,0.47,33.07,29.76,0
2.84,3.17,28.95,77.28,2
3.76,2.69,42.6,55.46,1
3.63,2.07,30.91,76.71,1
3.94,1.22,31.57,38.72,0
3.44,3.33,52.12,110.04,2
3.33,3.2,54.38,99.4,2
3.73,2.35,24.16,32.39,0
3.27,10.28,48.9,63.04,2
3.72,4.51,60.1,117.41,2
3.68,4.39,37.23,18.36,1
3.26,9.32,56.83,47.87,2
3.74,3.94,23.74,204.55,2
4.15,1.29,37.03,11.47,0
2.96,1.43,52.45,1.11,2
3.32,2.26,43.74,41.21,1
3.89,1.34,31.06,3.46,0
3.62,3.42,43.98,61.74,1
3.58,6.97,53.86,44.45,2
3.2,11.59,54.9,62.53,2
3.16,7.98,52.09,12.46,2
4.12,1.0,24.03,4.15,0
3.57,3.16,43.1,46.44,1
3.59,3.48,43.4,63.71,1
3.6,3.26,31.16,135.22,2
3.55,2.91,40.16,52.7,1
3.77,0.61,37.8,13.02,0
3.92,0.54,32.33,3.36,0
3.82,3.04,31.26,74.44,1
3.74,3.36,26.38,242.04,2
3.8,1.96,22.35,13.83,0
3.78,1.14,34.04,44.31,1
3.8,1.11,31.46,222.11,2
3.99,1.28,35.64,17.49,0
3.98,1.06,33.34,31.92,0
3.53,1.44,47.55,42.58,1
3.13,1.07,54.96,114.73,2
3.47,7.32,48.13,43.15,2
3.94,0.37,24.31,38.42,0
3.62,5.62,39.39,21.25,1
3.8,3.45,39.9,28.19,1
3.89,1.59,36.37,12.41,0
3.78,1.17,31.53,21.74,0
3.64,5.66,41.99,63.1,1
3.44,2.25,37.54,41.41,1
4.0,0.62,32.08,10.56,0
3.81,1.19,39.02,11.74,1
3.87,1.45,30.07,4.33,0
4.2,0.19,29.36,12.14,0
3.72,1.52,27.91,33.32,0
3.82,1.91,28.31,36.38,0
3.24,11.07,41.33,10.71,2
2.96,5.06,32.05,16.06,2
3.8,2.3,43.16,22.67,1
3.53,3.74,24.32,222.16,2
4.17,0.88,35.88,29.74,0
3.78,2.56,38.01,77.97,1
4.08,1.75,26.67,25.13,0
4.07,2.45,29.18,5.11,0
2.83,2.19,32.31,84.59,2
3.35,10.72,44.49,71.22,2
3.45,4.45,56.73,108.04,2
3.86,1.87,32.01,33.7,0
3.71,2.48,39.23,132.13,2
4.11,0.94,30.36,32.62,0
4.15,0.88,33.27,9.85,0
4.07,0.78,34.12,3.59,0
3.74,1.41,46.09,37.58,1
3.86,0.63,34.19,244.35,2
4.04,0.98,33.14,17.0,0
3.66,0.5,31.29,47.07,1
3.87,2.56,41.45,14.33,1
3.6,0.85,26.72,207.46,2
3.82,3.76,45.41,5.79,1
3.58,4.6,35.99,20.79,1
3.79,1.85,23.96,21.01,0
4.02,0.39,27.4,2.4,0
3.77,1.02,33.7,27.11,0
3.95,1.42,40.92,158.14,2
3.75,0.99,28.65,162.9,2
4.06,1.04,36.68,24.13,0
3.01,4.71,35.93,149.98,2
3.92,0.7,26.91,37.04,0
3.76,2.77,37.69,180.79,2
3.71,2.11,31.7,27.93,0
4.17,1.89,36.13,2.01,0
3.95,0.63,36.35,25.03,0
3.79,4.73,33.05,53.28,1
3.41,3.44,38.21,22.37,1
3.79,1.2,22.09,37.17,0
3.38,9.8,56.9,140.16,2
3.74,1.97,54.3,20.55,2
4.14,1.34,23.65,19.21,0
3.55,4.12,41.02,15.64,1
3.26,5.02,32.74,3.02,2
2.85,3.66,25.04,115.46,2
3.76,2.13,29.91,20.79,0
3.95,0.91,27.06,6.18,0
3.92,1.6,27.24,39.26,0
4.05,1.02,31.81,32.76,0
3.94,1.4,29.29,27.91,0
3.51,4.46,31.74,16.45,1
4.06,0.95,22.33,14.6,0
3.45,3.55,41.84,35.71,1
3.72,3.89,36.12,189.15,2
3.2,2.44,46.88,88.51,2
3.33,2.09,43.99,35.68,1
3.28,6.9,26.18,81.29,2
3.61,3.23,34.36,54.14,1
3.44,10.05,48.07,118.57,2
3.12,6.91,53.15,40.81,2
3.57,3.84,42.89,38.55,1
3.9,1.34,26.78,61.35,1
3.66,1.47,40.92,58.84,1
3.58,3.86,42.96,54.58,1
4.15,1.93,24.75,3.88,0
3.7,3.09,38.36,58.72,1
3.88,1.65,27.29,59.88,1
3.93,0.33,23.58,6.93,0
3.73,4.38,37.63,60.81,1
3.87,2.24,34.26,36.04,0
4.06,2.46,29.83,23.6,0
3.86,1.33,30.29,35.7,0
3.61,5.17,36.84,60.04,1
3.73,3.65,39.25,46.09,1
4.05,1.95,24.77,36.37,0
3.47,4.1,36.61,44.44,1
3.49,2.5,44.92,41.83,1
3.82,0.58,29.05,230.72,2
3.54,10.66,55.54,155.39,2
4.03,1.76,31.43,7.75,0
3.97,0.62,35.29,37.44,0
3.67,0.51,26.59,95.74,1
4.12,2.24,28.52,31.3,0
3.78,2.4,35.55,13.99,0
3.9,1.97,27.44,19.03,0
3.64,3.85,41.81,15.62,1
3.7,4.26,33.73,53.04,1
3.7,0.54,32.19,10.67,0
3.44,3.01,41.57,66.13,1
3.84,2.19,31.33,26.14,0
4.09,0.92,34.21,10.14,0
4.03,1.03,25.17,25.27,0
3.87,0.7,22.28,6.71,0
3.14,7.12,55.61,171.6,2
3.73,2.94,35.86,87.62,1
3.45,4.47,36.14,50.62,1
4.03,1.71,35.67,21.94,0
3.5,7.53,55.29,141.21,2
3.92,1.15,39.03,75.6,1
4.07,1.03,24.4,9.6,0
3.99,0.57,22.58,9.8,0
3.37,6.43,64.72,47.73,2
3.92,0.84,32.16,7.32,0
3.53,3.94,44.15,19.58,1
3.75,4.04,41.63,60.37,1
3.51,1.45,23.04,129.83,2
3.65,1.44,38.8,38.95,1
3.4,4.36,53.83,12.91,2
4.15,1.0,36.97,11.57,0
3.85,0.71,25.61,26.0,0
3.38,6.62,50.4,21.07,2
3.5,5.56,35.16,21.55,1
3.75,0.61,22.29,19.8,0
4.07,0.62,31.37,13.02,0
3.51,4.99,37.3,37.98,1
3.8,1.53,24.8,39.49,0
3.73,3.85,30.42,23.91,1
3.94,5.51,58.88,8.83,2
3.52,2.5,38.05,245.33,2
3.49,4.29,37.55,34.56,1
3.13,4.65,30.09,105.15,2
3.99,6.59,52.62,37.45,2
2.92,5.64,40.26,90.23,2
3.74,0.86,24.09,24.53,0
3.72,5.44,31.43,15.6,1
3.76,0.6,30.07,28.39,0
3.54,4.46,36.61,39.5,1
4.13,0.14,35.61,14.9,0
2.97,5.83,37.17,37.23,2
4.1,1.52,34.75,38.32,0
4.04,1.03,36.6,22.07,0
3.9,3.06,34.43,214.81,2
3.97,2.96,34.95,48.61,1
3.83,2.97,40.07,31.98,1
4.0,0.19,26.24,1.89,0
3.84,0.31,29.28,8.02,0
4.08,1.87,27.45,19.57,0
4.09,1.81,34.83,35.57,0
3.84,1.41,28.96,9.29,0
3.25,8.4,54.36,92.9,2
4.03,1.77,29.05,39.4,0
3.79,0.47,33.05,1.98,0
3.73,3.59,43.18,54.98,1
3.46,6.99,54.07,64.44,2
4.01,0.14,32.01,3.65,0
2.81,4.01,34.89,141.28,2
4.1,2.38,33.47,21.57,0
3.85,3.4,44.06,14.0,1
3.88,1.51,34.92,24.43,0
3.38,10.1,54.82,53.25,2
3.55,2.41,55.42,46.78,2
3.41,1.04,38.68,246.19,2
3.98,1.01,36.29,32.46,0
3.75,4.12,41.27,51.87,1
2.99,3.01,47.77,68.0,2
3.83,1.59,27.85,11.19,0
3.58,3.87,41.64,32.98,1
3.88,1.03,29.91,1.32,0
3.96,2.32,28.82,4.31,0
3.57,2.9,41.32,39.38,1
3.74,1.51,22.39,6.59,0
3.7,1.28,26.91,38.15,0
3.78,4.33,39.28,50.94,1
4.05,2.06,30.69,37.3,0
2.89,5.21,41.59,122.55,2
2.93,6.69,27.52,84.89,2
3.6,5.32,32.98,42.59,1
3.86,2.05,28.42,38.78,0
3.55,4.53,35.61,20.4,1
3.09,9.86,46.96,108.77,2
3.64,2.86,25.25,70.11,1
3.72,4.64,41.14,60.03,1
3.17,1.31,46.34,37.33,2
4.08,2.22,23.14,26.91,0
3.59,2.03,44.01,59.76,1
3.93,1.62,36.27,30.32,0
3.22,7.95,27.21,92.18,2
3.84,1.04,28.07,15.58,0
4.14,1.47,30.59,7.5,0
3.85,1.2,40.56,32.33,1
2.93,3.09,33.16,94.07,2
3.5,2.42,38.29,14.91,1
3.53,4.44,35.67,73.78,1
2.92,2.74,54.84,49.08,2
3.81,1.98,24.57,129.34,2
3.97,3.79,38.64,153.42,2
3.45,1.31,32.65,206.73,2
4.17,0.15,22.64,29.93,0
3.93,1.82,35.12,49.4,1
3.84,0.68,23.33,37.95,0
3.55,4.92,41.85,65.2,1
3.75,4.97,35.99,30.91,1
3.76,0.98,24.15,124.84,2
3.84,2.16,22.28,8.47,0
3.59,2.67,36.41,19.64,1
3.89,1.85,37.18,118.15,1
3.66,3.31,36.44,76.13,1
3.61,1.62,43.11,30.22,1
3.52,2.06,40.37,23.77,1
3.71,2.54,42.05,11.99,1
3.47,4.5,37.43,42.34,1
3.54,1.87,51.12,44.71,2
4.19,1.33,34.69,23.21,0
3.19,9.18,52.46,165.39,2
3.82,1.82,26.23,31.74,0
3.92,0.56,32.55,208.88,2
3.92,1.69,34.9,20.28,0
3.97,0.68,31.12,20.04,0
3.13,2.1,28.1,73.55,2
2.96,5.31,54.12,46.51,2
4.05,1.57,24.8,5.06,0
3.77,1.56,31.75,30.26,0
3.87,0.95,24.9,33.65,0
4.13,1.06,25.75,9.12,0
4.09,1.94,39.61,195.59,2
3.79,6.52,63.87,84.31,2
3.94,2.88,53.13,30.48,2
3.55,1.63,35.4,172.59,2
3.76,1.31,24.33,14.63,0
3.82,1.27,34.16,61.01,1
3.66,0.77,29.4,106.04,1
3.48,3.13,30.69,139.84,2
3.69,6.47,60.61,69.22,2
3.56,6.79,54.16,39.13,2
4.11,0.82,28.33,22.93,0
3.27,1.33,55.12,51.66,2
4.04,0.18,31.06,3.62,0
3.6,2.12,47.86,38.78,1
2.83,1.04,46.71,25.11,2
3.73,2.48,27.39,52.24,1
3.81,2.35,34.75,25.47,0
3.85,1.36,27.72,22.87,0
3.85,2.35,38.24,41.2,1
3.25,9.89,41.15,157.25,2
3.75,4.25,43.56,79.42,1
3.51,4.42,35.42,68.39,1
3.37,2.49,58.3,82.36,2
3.96,0.98,37.56,222.64,2
3.94,1.83,25.41,21.73,0
2.83,4.64,39.16,38.58,2
3.73,2.06,33.57,9.94,0
4.0,2.66,36.84,163.17,2
3.97,2.44,29.19,25.33,0
3.87,1.84,28.49,49.69,1
3.23,6.97,44.93,119.47,2
3.93,0.46,26.8,20.21,0
3.94,0.95,25.15,48.87,1
3.85,1.95,35.34,97.22,1
4.15,0.97,22.97,22.24,0
3.92,0.47,27.81,25.0,0
3.35,6.13,42.0,147.65,2
3.88,0.22,32.32,36.61,0
3.58,1.97,35.64,191.6,2
4.12,1.38,32.06,17.2,0
3.6,4.21,38.17,61.81,1
3.64,3.42,40.78,39.17,1
3.52,3.93,44.67,65.23,1
3.79,2.42,28.27,30.34,0
3.38,5.79,51.37,60.3,2
3.69,3.16,38.09,118.15,1
3.57,8.96,56.55,176.41,2
3.87,1.13,28.43,27.33,0
4.05,2.45,30.85,0.93,0
3.8,1.01,33.63,3.42,0
3.7,0.5,27.93,5.69,0
3.12,4.44,48.67,38.59,2
3.82,3.43,34.77,53.45,1
3.82,3.98,25.23,164.55,2
3.87,2.04,31.53,13.13,0
3.83,0.42,23.55,5.39,0
3.72,1.39,34.97,43.6,1
4.06,1.86,24.23,7.72,0
3.92,0.44,23.26,29.19,0
3.52,3.87,59.57,38.91,2
3.77,0.66,32.6,24.04,0
3.88,3.15,37.17,107.07,1
3.56,1.93,39.84,223.21,2
3.6,5.26,35.67,36.62,1
3.57,9.15,41.07,78.06,2
3.28,7.2,43.68,26.59,2
3.76,1.67,24.74,17.92,0
3.83,2.18,31.47,31.94,0
3.68,3.36,38.25,18.18,1
3.96,1.83,22.4,16.87,0
3.8,2.31,34.03,6.63,0
3.99,3.56,39.81,229.73,2
3.91,0.17,36.59,20.88,0
3.34,4.17,36.15,26.23,1
3.84,1.53,31.14,112.0,1
3.72,0.44,27.78,7.77,0
3.43,10.31,51.64,46.85,2
3.88,0.91,27.22,17.44,0
3.82,2.56,39.11,203.97,2
3.56,3.39,43.1,53.87,1
3.53,5.52,43.93,72.82,1
3.37,3.78,41.19,12.86,1
4.04,0.34,33.55,26.99,0
3.74,2.43,28.09,206.76,2
3.02,1.93,30.65,109.6,2
3.81,1.83,35.66,35.74,0
3.72,4.32,31.82,29.48,1
3.97,1.84,32.06,33.97,0
4.09,1.12,37.71,14.65,0
3.86,3.06,30.11,49.44,1
3.58,4.26,41.78,24.65,1
4.18,2.17,33.48,30.54,0
3.7,1.8,44.4,31.28,1
3.8,5.06,33.96,58.16,1
4.06,0.19,33.91,28.85,0
3.6,3.56,39.6,24.37,1
3.69,6.1,58.8,12.83,2
3.61,5.53,35.09,25.19,1
3.8,1.49,27.69,79.21,1
4.16,0.64,22.54,23.21,0
3.03,7.71,39.0,42.84,2
3.03,5.83,31.08,21.27,2
3.16,7.38,26.6,61.37,2
4.09,1.31,27.32,6.25,0
3.48,4.69,38.06,35.62,1
3.47,4.02,40.34,35.09,1
3.78,1.67,31.28,35.76,0
3.67,2.2,34.46,44.99,1
4.0,0.9,24.73,15.18,0
4.04,2.08,24.05,2.33,0
3.73,2.19,26.77,210.25,2
4.14,0.81,33.03,12.57,0
3.64,4.55,43.69,76.1,1
3.82,2.52,40.1,195.85,2
3.71,1.75,58.01,8.83,2
3.78,0.5,30.49,14.18,0
3.75,1.42,28.8,135.0,2
3.93,1.13,30.04,19.51,0
3.25,10.53,50.47,148.74,2
3.62,3.18,38.09,109.33,1
3.96,1.7,34.92,11.82,0
3.55,0.96,32.46,130.18,2
3.56,4.13,34.4,14.2,1
2.83,4.3,44.22,113.64,2
3.78,0.31,35.37,18.85,0
3.74,1.88,33.6,2.15,0
3.58,4.27,37.92,61.47,1
3.84,0.28,30.07,6.16,0
3.78,0.85,32.43,59.87,1
3.18,2.84,63.84,52.53,2
3.17,7.88,34.53,146.85,2
3.26,3.31,33.43,49.44,2
3.73,2.74,36.88,113.68,1
3.99,1.63,36.3,13.14,0
3.21,6.98,40.2,134.34,2
3.86,1.93,44.1,46.8,1
3.46,4.65,40.86,13.07,1
3.42,2.21,35.84,58.74,1
3.94,1.26,23.46,15.06,0
3.93,0.18,25.94,18.08,0
3.74,1.86,31.33,32.3,0
3.88,1.05,40.43,54.24,1
3.45,3.93,40.27,15.0,1
3.66,3.09,34.91,202.65,2
3.6,4.49,36.55,35.28,1
3.77,1.12,22.6,0.19,0
3.71,2.34,36.26,9.98,0
3.16,5.72,34.43,131.0,2
4.11,1.13,24.95,8.92,0
3.54,2.46,38.4,61.38,1
3.77,1.73,32.68,29.91,0
3.84,2.49,63.02,97.24,2
4.04,0.11,36.05,14.07,0
3.59,2.76,27.27,135.21,2
3.93,1.86,27.62,6.04,0
3.56,5.25,34.68,18.77,1
4.03,2.38,30.81,5.95,0
3.68,2.28,26.46,152.44,2
3.65,1.95,44.01,5.57,1
3.43,1.77,28.61,214.19,2
3.77,3.21,45.73,18.37,1
3.69,2.14,35.06,62.11,1
4.17,0.34,22.6,10.05,0
3.65,1.77,37.86,199.33,2
3.28,11.32,55.1,161.08,2
3.92,2.1,26.27,34.62,0
3.64,3.31,42.28,55.69,1
3.78,0.74,28.0,35.93,0
3.98,0.15,37.11,30.64,0
3.9,0.81,34.13,56.05,1
3.62,2.45,37.97,50.67,1
3.78,2.14,46.6,8.26,1
3.26,10.82,53.71,48.02,2
3.88,1.66,58.9,39.78,2
3.53,3.15,40.42,51.15,1
3.71,1.23,33.42,7.59,0
4.04,0.53,28.84,23.27,0
4.14,2.32,22.69,13.64,0
4.1,1.17,37.01,34.51,0
3.6,3.59,32.28,24.33,1
4.14,0.75,25.63,0.38,0
3.81,2.59,38.23,46.87,1
3.42,4.26,35.09,49.06,1
3.51,2.66,35.49,41.54,1
4.08,1.94,22.05,15.17,0
2.91,3.16,37.88,99.89,2
3.11,7.06,45.55,50.84,2
3.74,2.16,36.87,27.83,0
3.54,3.58,42.13,13.13,1
3.55,3.2,43.67,43.11,1
3.34,8.68,49.57,165.84,2
4.07,1.1,35.25,4.69,0
3.54,3.2,42.92,45.58,1
3.83,2.86,36.23,86.1,1
3.46,2.71,37.58,68.74,1
3.8,1.55,30.03,27.98,0
3.59,5.66,30.67,32.64,1
3.32,3.88,42.39,68.53,1
3.99,1.75,36.55,17.59,0
3.75,0.89,27.29,31.85,0
3.77,5.42,33.42,29.38,1
3.42,1.16,38.46,169.18,2
3.81,1.86,34.64,7.54,0
4.06,1.87,28.11,33.97,0
3.85,0.69,36.23,32.93,0
3.7,3.58,47.76,35.28,1
3.77,0.66,36.16,10.46,0
3.49,2.2,27.26,227.55,2
3.96,0.87,22.61,28.66,0
3.76,0.89,32.94,78.56,1
4.09,1.36,37.4,38.26,0
3.32,2.67,39.87,21.5,1
2.9,6.01,35.82,28.18,2
4.02,0.91,35.19,25.29,0
4.19,1.49,24.48,3.02,0
3.88,3.32,27.39,110.87,1
4.16,2.26,27.26,3.64,0
4.1,0.81,25.53,30.83,0
3.74,3.07,35.06,62.4,1
3.09,6.92,53.17,42.73,2
3.39,3.56,36.4,67.01,1
4.11,0.56,32.59,4.57,0
4.17,1.21,23.99,17.98,0
4.04,1.01,36.73,147.59,2
3.67,2.43,31.73,63.7,1
3.51,3.97,43.11,50.82,1
2.92,1.95,39.8,80.71,2
3.35,2.03,35.77,60.98,1
3.74,0.14,22.37,9.31,0
4.13,1.8,31.45,6.98,0
3.51,1.65,38.6,172.29,2
3.99,3.29,35.0,80.1,1
3.89,2.34,43.14,10.76,1
4.0,1.34,28.85,33.75,0
3.1,3.6,50.09,47.31,2
3.75,2.52,30.05,164.86,2
3.64,4.5,38.84,28.69,1
3.31,4.97,56.28,20.78,2
4.19,0.94,30.37,34.58,0
3.96,3.36,55.47,83.22,2
3.77,0.86,33.43,20.95,0
3.96,1.32,39.94,99.5,1
3.63,0.54,24.93,177.98,2
3.23,3.39,53.25,36.12,2
3.92,1.14,28.2,29.63,0
4.11,2.09,29.75,14.33,0
3.74,5.05,42.11,19.25,1
3.8,0.78,37.06,4.88,0
4.19,0.11,23.48,23.84,0
3.5,1.33,62.26,109.97,2
3.86,1.66,46.81,38.11,1
3.22,5.84,45.91,77.25,2
4.04,0.8,34.52,18.3,0
3.52,3.74,39.07,45.65,1
2.97,7.12,25.76,45.48,2
3.65,1.41,26.39,51.81,1
3.72,1.38,41.68,44.68,1
3.78,0.73,34.43,112.06,1
3.43,3.2,43.79,68.03,1
3.71,3.01,26.07,77.8,1
4.11,0.61,36.97,38.18,0
3.61,4.61,50.56,101.47,2
2.98,6.94,37.36,142.9,2
4.09,1.52,27.73,14.24,0
3.33,10.03,48.23,124.63,2
3.85,1.4,35.53,33.64,0
3.78,2.87,41.49,38.05,1
3.5,8.89,54.87,145.99,2
4.01,0.41,37.42,4.48,0
3.68,2.59,42.5,6.28,1
3.91,1.63,34.34,12.78,0
3.93,2.26,34.86,78.34,1
3.72,3.46,30.16,65.65,1
3.73,5.09,39.61,56.16,1
3.81,2.72,22.35,209.59,2
3.8,0.89,37.43,17.81,0
3.93,0.76,26.0,109.15,1
3.54,4.31,33.19,75.59,1
3.76,3.06,40.16,6.57,1
3.85,3.99,44.19,12.67,1
3.81,1.48,23.15,18.82,0
3.4,3.41,43.87,12.32,1
3.88,5.53,59.21,55.09,2
3.74,6.58,49.2,50.55,2
3.92,5.35,48.15,118.91,2
3.14,2.74,54.63,107.03,2
3.74,1.15,34.66,33.1,0
3.97,1.51,36.59,10.05,0
3.17,6.71,25.02,4.05,2
3.0,6.5,55.49,24.01,2
3.39,1.98,48.79,59.69,2
3.74,0.42,32.27,11.29,0
3.0,6.19,37.12,23.99,2
3.45,1.84,64.76,61.01,2
4.08,2.17,29.74,14.71,0
3.38,7.94,50.59,82.69,2
4.05,1.18,23.66,6.14,0
3.84,3.65,36.72,173.1,2
3.7,1.62,35.19,42.49,1
3.79,2.61,34.17,103.54,1
3.81,3.23,44.36,14.13,1
3.11,3.15,36.09,85.85,2
3.93,1.43,34.78,34.31,0
3.08,10.41,40.37,56.77,2
3.99,1.14,34.13,70.79,1
3.52,3.25,52.93,96.97,2
3.7,5.31,31.82,37.78,1
4.0,0.55,22.14,128.85,2
3.97,6.0,55.48,7.08,2
3.12,9.74,41.77,20.92,2
3.66,0.67,33.39,51.13,1
3.31,3.85,36.79,52.67,1
3.87,0.49,33.6,25.36,0
3.8,2.18,31.33,64.96,1
3.2,5.11,50.1,70.23,2
3.63,3.58,28.9,232.71,2
3.76,1.94,32.69,37.63,0
3.51,8.62,55.49,100.94,2
3.63,2.28,42.37,48.34,1
3.4,4.66,35.04,50.03,1
3.55,4.75,43.36,69.17,1
3.56,5.52,41.93,46.49,1
3.73,0.16,26.36,7.71,0
3.31,4.66,49.66,35.84,2
4.12,1.64,32.62,29.68,0
3.97,1.32,33.11,4.29,0
3.88,0.69,29.75,39.2,0
3.72,1.06,39.44,106.46,1
3.55,3.79,43.36,47.84,1
2.85,5.06,50.49,52.26,2
